Chromosome,chromStart,chromEnd,Marker
chr1,2234446,2234447,M71
chr1,6529442,6529443,M539
chr1,7602859,7602860,M977
chr1,3961825,3961826,M4272
chr1,10517458,10517459,M4904
chr1,13116257,13116258,M5064
chr1,11890949,11890950,M5331
chr1,10940743,10940744,M7006
chr1,6520957,6520958,M7255
chr1,327677,327678,M8862
chr1,11198038,11198039,M8961
chr1,9176175,9176176,M9306
chr1,12080353,12080354,M9422
chr1,12852526,12852527,M9741
chr1,10515206,10515207,M9938
chr1,2251874,2251875,M10253
chr1,13126288,13126289,M12726
chr1,8050787,8050788,M12783
chr1,2675302,2675303,M13811
chr1,587675,587676,M14307
chr1,3013884,3013885,M14449
chr1,10482380,10482381,M14628
chr1,12229283,12229284,M16299
chr1,2779275,2779276,M18340
chr1,11613850,11613851,M18637
chr1,1183560,1183561,M19432
chr1,11363297,11363298,M19669
chr1,5399985,5399986,M20024
chr1,9768065,9768066,M21584
chr1,9833472,9833473,M21810
chr1,9156201,9156202,M23455
chr1,2251788,2251789,M23846
chr1,10974383,10974384,M24869
chr1,9601439,9601440,M25481
chr1,11679601,11679602,M26180
chr1,265709,265710,M26402
chr1,10480895,10480896,M27519
chr1,3022338,3022339,M28227
chr1,530529,530530,M28387
chr1,5010198,5010199,M30290
chr1,12124907,12124908,M30688
chr1,7396404,7396405,M30737
chr1,11867364,11867365,M31723
chr1,11327020,11327021,M31771
chr1,5634128,5634129,M32321
chr1,441848,441849,M34455
chr1,1223923,1223924,M34733
chr1,10988535,10988536,M35059
chr1,4158964,4158965,M35419
chr1,10443769,10443770,M36116
chr1,10493566,10493567,M36219
chr1,12080267,12080268,M36266
chr1,3009041,3009042,M36284
chr1,13120265,13120266,M36328
chr1,12657193,12657194,M36991
chr1,5019172,5019173,M37010
chr1,9176089,9176090,M37121
chr1,7385822,7385823,M38059
chr1,1992864,1992865,M38457
chr1,2273131,2273132,M38826
chr1,481572,481573,M40399
chr1,12088938,12088939,M41238
chr1,11345110,11345111,M41377
chr1,7683140,7683141,M41742
chr1,11597036,11597037,M41939
chr1,12961371,12961372,M42333
chr1,9735613,9735614,M42819
chr1,12608103,12608104,M43602
chr1,2675388,2675389,M44423
chr1,2234360,2234361,M44509
chr1,267363,267364,M44516
chr1,11596950,11596951,M44600
chr1,13002600,13002601,M44931
chr1,13181409,13181410,M45201
chr10,7301642,7301643,M991
chr10,8139625,8139626,M2886
chr10,1284802,1284803,M3098
chr10,7024819,7024820,M3669
chr10,2914728,2914729,M3786
chr10,1583522,1583523,M4763
chr10,8921147,8921148,M7665
chr10,5578102,5578103,M8265
chr10,2296244,2296245,M8676
chr10,6503328,6503329,M10002
chr10,8425200,8425201,M10409
chr10,8151901,8151902,M10430
chr10,8304270,8304271,M11622
chr10,5722895,5722896,M13287
chr10,1327720,1327721,M13443
chr10,1886908,1886909,M17922
chr10,3553682,3553683,M18587
chr10,7526410,7526411,M18980
chr10,7551774,7551775,M19963
chr10,2495005,2495006,M20020
chr10,6266635,6266636,M23916
chr10,2296158,2296159,M24178
chr10,1235200,1235201,M24232
chr10,833463,833464,M25814
chr10,5354287,5354288,M26133
chr10,1387629,1387630,M26640
chr10,6951493,6951494,M29120
chr10,599118,599119,M29558
chr10,6266549,6266550,M33253
chr10,6503242,6503243,M34453
chr10,7852955,7852956,M34610
chr10,1031636,1031637,M35034
chr10,2405953,2405954,M37179
chr10,3553596,3553597,M37184
chr10,6818562,6818563,M37522
chr10,5297595,5297596,M37842
chr10,9045801,9045802,M38005
chr10,7886000,7886001,M38775
chr10,9659014,9659015,M38821
chr10,2263819,2263820,M39484
chr10,3518639,3518640,M39849
chr10,1327806,1327807,M41004
chr10,2350410,2350411,M42368
chr10,6034333,6034334,M42932
chr10,2353074,2353075,M43275
chr10,3532609,3532610,M43442
chr10,7194964,7194965,M43646
chr10,8975030,8975031,M43767
chr10,2934183,2934184,M43830
chr10,8502623,8502624,M43874
chr10,742724,742725,M44579
chr10,8425286,8425287,M44679
chr10,7024905,7024906,M44760
chr11,9211815,9211816,M1298
chr11,1394970,1394971,M1496
chr11,7084798,7084799,M2223
chr11,919398,919399,M2371
chr11,7360593,7360594,M2407
chr11,2535900,2535901,M3431
chr11,2738922,2738923,M5021
chr11,2727061,2727062,M6683
chr11,8747384,8747385,M7189
chr11,6503221,6503222,M7764
chr11,2397744,2397745,M8074
chr11,1989132,1989133,M9295
chr11,8744394,8744395,M12045
chr11,274713,274714,M12128
chr11,9068573,9068574,M12452
chr11,7012146,7012147,M13401
chr11,7896149,7896150,M13722
chr11,4343256,4343257,M14342
chr11,9026514,9026515,M14633
chr11,7993161,7993162,M16122
chr11,3024743,3024744,M16542
chr11,4367641,4367642,M18053
chr11,4055790,4055791,M18118
chr11,1615810,1615811,M18988
chr11,3025118,3025119,M21209
chr11,237351,237352,M22453
chr11,7717699,7717700,M24034
chr11,5235966,5235967,M24645
chr11,571957,571958,M26907
chr11,2535996,2535997,M27590
chr11,1657305,1657306,M27787
chr11,7771292,7771293,M28024
chr11,1989046,1989047,M29750
chr11,7223888,7223889,M31010
chr11,570017,570018,M31633
chr11,3108310,3108311,M31761
chr11,2212987,2212988,M32012
chr11,6201445,6201446,M33116
chr11,7057099,7057100,M33824
chr11,8444934,8444935,M36459
chr11,5175319,5175320,M38062
chr11,575136,575137,M38913
chr11,7438059,7438060,M39548
chr11,4976028,4976029,M40016
chr11,1767061,1767062,M40547
chr11,2812901,2812902,M40653
chr11,4858205,4858206,M43633
chr11,1766975,1766976,M43655
chr11,438544,438545,M44321
chr12,6596336,6596337,M1377
chr12,1174643,1174644,M1436
chr12,1469031,1469032,M2487
chr12,304222,304223,M2599
chr12,6568382,6568383,M2636
chr12,1122565,1122566,M3043
chr12,375612,375613,M3957
chr12,7837202,7837203,M7381
chr12,5335990,5335991,M9836
chr12,1294876,1294877,M10718
chr12,1938437,1938438,M11428
chr12,1331995,1331996,M11595
chr12,321384,321385,M12957
chr12,766882,766883,M13499
chr12,6708356,6708357,M18237
chr12,6533091,6533092,M18318
chr12,3770955,3770956,M18902
chr12,8390083,8390084,M18960
chr12,5371582,5371583,M19190
chr12,1298859,1298860,M19361
chr12,2261629,2261630,M20628
chr12,2567218,2567219,M21320
chr12,1640942,1640943,M22078
chr12,6473991,6473992,M22905
chr12,6879634,6879635,M23061
chr12,5198037,5198038,M26076
chr12,8160423,8160424,M26106
chr12,8481457,8481458,M26490
chr12,4509108,4509109,M27611
chr12,1151743,1151744,M27990
chr12,2432277,2432278,M28000
chr12,4489132,4489133,M28951
chr12,4170098,4170099,M28953
chr12,2880847,2880848,M29031
chr12,1700935,1700936,M29723
chr12,7537197,7537198,M30490
chr12,4824516,4824517,M30914
chr12,8973140,8973141,M34638
chr12,583562,583563,M37056
chr12,289491,289492,M38978
chr12,7832250,7832251,M39771
chr12,4570098,4570099,M40497
chr12,4679900,4679901,M41086
chr12,3773582,3773583,M41355
chr12,3450893,3450894,M41686
chr12,304136,304137,M43339
chr12,1330590,1330591,M43982
chr12,2261543,2261544,M44084
chr12,597547,597548,M44471
chr12,5332158,5332159,M44648
chr12,7322259,7322260,M45375
chr13,650043,650044,M232
chr13,221761,221762,M1394
chr13,2640745,2640746,M1492
chr13,2927839,2927840,M2517
chr13,4959955,4959956,M2585
chr13,1300352,1300353,M3341
chr13,387374,387375,M3651
chr13,7719882,7719883,M5474
chr13,4768697,4768698,M9179
chr13,5315243,5315244,M12866
chr13,6896052,6896053,M13623
chr13,7905784,7905785,M14027
chr13,7887698,7887699,M16589
chr13,6509010,6509011,M19027
chr13,2329040,2329041,M19901
chr13,1838471,1838472,M19966
chr13,987942,987943,M20535
chr13,3999200,3999201,M21079
chr13,7505882,7505883,M22570
chr13,1238064,1238065,M25109
chr13,5813148,5813149,M25623
chr13,1995273,1995274,M26011
chr13,807246,807247,M27007
chr13,9067222,9067223,M27888
chr13,8418189,8418190,M28459
chr13,7925650,7925651,M30246
chr13,767072,767073,M31037
chr13,5298323,5298324,M31268
chr13,9023584,9023585,M32676
chr13,5927876,5927877,M35269
chr13,5410566,5410567,M36419
chr13,8518527,8518528,M36783
chr13,394368,394369,M38769
chr13,4468594,4468595,M39924
chr13,7926329,7926330,M40014
chr13,2252425,2252426,M40063
chr13,1128151,1128152,M44052
chr13,336822,336823,M44056
chr14,6720816,6720817,M696
chr14,2053961,2053962,M1055
chr14,199971,199972,M1321
chr14,3453957,3453958,M1843
chr14,6685995,6685996,M6892
chr14,1261114,1261115,M7863
chr14,8213606,8213607,M8015
chr14,5833583,5833584,M9018
chr14,7826584,7826585,M10052
chr14,5918025,5918026,M12758
chr14,2156633,2156634,M13144
chr14,8873865,8873866,M13290
chr14,6131798,6131799,M15568
chr14,955803,955804,M16827
chr14,4019592,4019593,M16856
chr14,7605257,7605258,M16865
chr14,2786813,2786814,M18523
chr14,4033468,4033469,M18683
chr14,5680879,5680880,M22157
chr14,4946184,4946185,M24513
chr14,804270,804271,M25250
chr14,7981198,7981199,M26054
chr14,3234922,3234923,M26901
chr14,925687,925688,M29286
chr14,5831418,5831419,M29642
chr14,1493387,1493388,M29935
chr14,6493833,6493834,M30105
chr14,698823,698824,M30940
chr14,5831495,5831496,M31488
chr14,4791011,4791012,M31646
chr14,6097785,6097786,M33519
chr14,1166958,1166959,M33696
chr14,6634844,6634845,M34075
chr14,1960050,1960051,M36640
chr14,2172297,2172298,M37104
chr14,5343409,5343410,M37202
chr14,4826513,4826514,M38919
chr14,2173913,2173914,M40771
chr14,5410290,5410291,M40912
chr14,5830305,5830306,M41225
chr14,8213520,8213521,M43297
chr15,5487795,5487796,M368
chr15,8739115,8739116,M3731
chr15,1242655,1242656,M5841
chr15,1409100,1409101,M7287
chr15,5668325,5668326,M9977
chr15,2408656,2408657,M11493
chr15,6426957,6426958,M11619
chr15,2477982,2477983,M17348
chr15,533682,533683,M18462
chr15,2342223,2342224,M20269
chr15,1173115,1173116,M22841
chr15,1996095,1996096,M24818
chr15,2412995,2412996,M27118
chr15,1414630,1414631,M28243
chr15,1102041,1102042,M29582
chr15,1458567,1458568,M29986
chr15,1812420,1812421,M30552
chr15,1741290,1741291,M31340
chr15,4877578,4877579,M31886
chr15,2488124,2488125,M33445
chr15,4183582,4183583,M34333
chr15,4273540,4273541,M35726
chr15,645300,645301,M36258
chr15,1017440,1017441,M36782
chr15,2194604,2194605,M38590
chr15,718284,718285,M38604
chr15,3837106,3837107,M39302
chr15,1414544,1414545,M40148
chr15,1466097,1466098,M43468
chr15,2080031,2080032,M45812
chr16,2203277,2203278,M679
chr16,2756118,2756119,M1708
chr16,774859,774860,M4002
chr16,3296559,3296560,M5226
chr16,1574586,1574587,M6635
chr16,2323127,2323128,M7990
chr16,4555337,4555338,M9817
chr16,8003407,8003408,M11529
chr16,6114655,6114656,M11681
chr16,2528401,2528402,M11723
chr16,2645055,2645056,M12126
chr16,1868241,1868242,M12129
chr16,1346443,1346444,M12512
chr16,6414281,6414282,M12663
chr16,1445224,1445225,M13825
chr16,7804132,7804133,M13891
chr16,1058080,1058081,M14664
chr16,7282233,7282234,M15607
chr16,4974222,4974223,M16076
chr16,2241937,2241938,M17048
chr16,4237654,4237655,M19777
chr16,1437535,1437536,M23134
chr16,7804046,7804047,M25941
chr16,8190593,8190594,M30009
chr16,3047148,3047149,M32423
chr16,6156592,6156593,M32723
chr16,7153043,7153044,M33074
chr16,2407369,2407370,M33218
chr16,150245,150246,M34343
chr16,1865808,1865809,M34363
chr16,7215108,7215109,M37211
chr16,1443852,1443853,M37837
chr16,2645055,2645056,M37953
chr16,5021552,5021553,M38537
chr16,849925,849926,M40649
chr16,5618704,5618705,M42098
chr16,1760220,1760221,M45654
chr17,7466082,7466083,M2661
chr17,527184,527185,M3318
chr17,7508206,7508207,M3372
chr17,7466169,7466170,M6084
chr17,6128282,6128283,M8263
chr17,7581730,7581731,M11991
chr17,2423566,2423567,M14922
chr17,7772165,7772166,M15069
chr17,2198769,2198770,M15223
chr17,3308557,3308558,M15463
chr17,7031615,7031616,M15513
chr17,1587890,1587891,M15654
chr17,7508121,7508122,M15956
chr17,1099250,1099251,M16297
chr17,5902163,5902164,M16850
chr17,853099,853100,M18067
chr17,1591761,1591762,M19126
chr17,5628343,5628344,M21844
chr17,6592713,6592714,M23537
chr17,7648067,7648068,M25539
chr17,7836709,7836710,M25799
chr17,5137037,5137038,M26504
chr17,7072115,7072116,M26803
chr17,2242460,2242461,M27594
chr17,342402,342403,M29346
chr17,4931854,4931855,M29665
chr17,5844738,5844739,M31718
chr17,3440377,3440378,M31998
chr17,260425,260426,M32168
chr17,6387121,6387122,M32284
chr17,1550140,1550141,M34175
chr17,4267989,4267990,M34599
chr17,2473373,2473374,M34636
chr17,6220794,6220795,M35345
chr17,1729365,1729366,M38845
chr17,2639568,2639569,M39740
chr17,5628257,5628258,M42526
chr17,6117539,6117540,M43147
chr17,4983763,4983764,M45362
chr18,6257295,6257296,M1446
chr18,6520001,6520002,M6166
chr18,8109508,8109509,M6504
chr18,4139824,4139825,M7758
chr18,2708212,2708213,M8239
chr18,5754716,5754717,M8386
chr18,2614364,2614365,M8487
chr18,5078661,5078662,M9529
chr18,6228584,6228585,M9601
chr18,6300397,6300398,M9954
chr18,6930805,6930806,M10385
chr18,8036867,8036868,M11465
chr18,8191147,8191148,M11580
chr18,1843626,1843627,M16162
chr18,3219376,3219377,M17514
chr18,2523109,2523110,M19064
chr18,8187596,8187597,M19420
chr18,3984072,3984073,M20442
chr18,6185935,6185936,M23261
chr18,8089128,8089129,M23870
chr18,2741282,2741283,M24525
chr18,6228498,6228499,M25107
chr18,759382,759383,M25254
chr18,4396566,4396567,M26262
chr18,6317949,6317950,M27092
chr18,989321,989322,M27607
chr18,2390437,2390438,M28738
chr18,3412572,3412573,M29884
chr18,2747646,2747647,M33241
chr18,1628410,1628411,M33254
chr18,5573944,5573945,M33686
chr18,810776,810777,M34424
chr18,809719,809720,M35981
chr18,7747286,7747287,M36878
chr18,571147,571148,M36906
chr18,3988559,3988560,M39125
chr18,6549902,6549903,M39154
chr18,314335,314336,M39347
chr18,4828560,4828561,M41797
chr18,5569946,5569947,M42548
chr18,2747043,2747044,M43133
chr18,1402184,1402185,M43606
chr18,5174920,5174921,M44057
chr18,4405054,4405055,M44863
chr19,6747462,6747463,M356
chr19,1148134,1148135,M3322
chr19,2169323,2169324,M5009
chr19,213840,213841,M7648
chr19,4846311,4846312,M8167
chr19,5161043,5161044,M8689
chr19,6407300,6407301,M9860
chr19,1757109,1757110,M11291
chr19,5827544,5827545,M13357
chr19,7985387,7985388,M13430
chr19,1363748,1363749,M14965
chr19,4820264,4820265,M15870
chr19,158284,158285,M16884
chr19,6506823,6506824,M16910
chr19,3104786,3104787,M17839
chr19,4960376,4960377,M18614
chr19,4216378,4216379,M19150
chr19,2692975,2692976,M21075
chr19,641213,641214,M23570
chr19,3133121,3133122,M23961
chr19,1744839,1744840,M24909
chr19,826099,826100,M30057
chr19,7306931,7306932,M33377
chr19,1279839,1279840,M33742
chr19,641127,641128,M37934
chr19,6331502,6331503,M38085
chr19,388261,388262,M38875
chr19,5491717,5491718,M39236
chr19,3573784,3573785,M41461
chr2,2193034,2193035,M354
chr2,10656553,10656554,M407
chr2,2255135,2255136,M5892
chr2,4481274,4481275,M6468
chr2,4083844,4083845,M8973
chr2,1036493,1036494,M13558
chr2,1466018,1466019,M16484
chr2,1991112,1991113,M16579
chr2,2262031,2262032,M19705
chr2,1529756,1529757,M19930
chr2,1160284,1160285,M20991
chr2,9445935,9445936,M21464
chr2,957583,957584,M22287
chr2,4445066,4445067,M22466
chr2,11939343,11939344,M24052
chr2,3700400,3700401,M24161
chr2,1532825,1532826,M24840
chr2,12262861,12262862,M25542
chr2,12632662,12632663,M26544
chr2,2272268,2272269,M27950
chr2,1075271,1075272,M30558
chr2,1394245,1394246,M32980
chr2,8638666,8638667,M38147
chr2,1778092,1778093,M38822
chr2,5382087,5382088,M39707
chr2,5964842,5964843,M45603
chr20,3393415,3393416,M965
chr20,3911269,3911270,M3266
chr20,6968112,6968113,M8381
chr20,6413836,6413837,M9666
chr20,2964731,2964732,M10115
chr20,5083664,5083665,M11700
chr20,6433993,6433994,M12903
chr20,5934167,5934168,M12922
chr20,1598964,1598965,M13580
chr20,6294003,6294004,M13758
chr20,5215263,5215264,M13970
chr20,644947,644948,M14852
chr20,7513872,7513873,M21560
chr20,2748544,2748545,M27087
chr20,6714100,6714101,M27781
chr20,613304,613305,M29975
chr20,7557310,7557311,M30872
chr20,1319616,1319617,M34726
chr20,3600939,3600940,M35744
chr20,391540,391541,M36173
chr20,2284173,2284174,M36491
chr20,5060754,5060755,M36925
chr20,2667635,2667636,M37348
chr20,1580402,1580403,M38252
chr20,7128546,7128547,M38307
chr20,5462679,5462680,M39698
chr20,672192,672193,M40120
chr20,6968198,6968199,M40296
chr21,7350178,7350179,M205
chr21,5812680,5812681,M248
chr21,2919916,2919917,M1627
chr21,3845611,3845612,M2465
chr21,244827,244828,M2591
chr21,7532027,7532028,M6391
chr21,5184879,5184880,M7787
chr21,417336,417337,M8624
chr21,6770231,6770232,M9037
chr21,2375669,2375670,M9149
chr21,432432,432433,M12234
chr21,4488816,4488817,M12952
chr21,4797659,4797660,M15777
chr21,2472658,2472659,M16961
chr21,5062591,5062592,M17867
chr21,5055685,5055686,M18303
chr21,5393927,5393928,M21828
chr21,4596034,4596035,M23408
chr21,2919465,2919466,M23533
chr21,942787,942788,M25950
chr21,5383169,5383170,M28315
chr21,41222,41223,M28463
chr21,5499622,5499623,M29650
chr21,6933572,6933573,M31693
chr21,6923008,6923009,M34673
chr21,3737421,3737422,M35150
chr21,326302,326303,M36563
chr21,6124087,6124088,M36638
chr21,2329393,2329394,M36882
chr21,6873231,6873232,M37011
chr21,2750935,2750936,M38491
chr21,7331349,7331350,M38998
chr21,2170613,2170614,M40482
chr21,1353056,1353057,M41813
chr21,416289,416290,M42954
chr21,2685558,2685559,M43791
chr21,3692533,3692534,M44741
chr21,3845525,3845526,M45057
chr22,6491199,6491200,M3164
chr22,228211,228212,M3281
chr22,2396128,2396129,M5407
chr22,5426075,5426076,M10814
chr22,616052,616053,M13250
chr22,1679918,1679919,M16393
chr22,2221181,2221182,M17070
chr22,273354,273355,M20412
chr22,7222666,7222667,M21127
chr22,7549315,7549316,M25446
chr22,1157332,1157333,M32554
chr22,4127338,4127339,M34004
chr22,594734,594735,M35634
chr22,5341000,5341001,M39219
chr22,2448726,2448727,M40610
chr22,6126426,6126427,M44064
chr23,1723870,1723871,M437
chr23,1929245,1929246,M471
chr23,4492245,4492246,M948
chr23,2724174,2724175,M3541
chr23,5356906,5356907,M4025
chr23,6252570,6252571,M4153
chr23,1706764,1706765,M5437
chr23,7557523,7557524,M9060
chr23,6081061,6081062,M12067
chr23,5419709,5419710,M12296
chr23,859367,859368,M13006
chr23,4056112,4056113,M13376
chr23,5781669,5781670,M14577
chr23,2054698,2054699,M15447
chr23,2709391,2709392,M15803
chr23,2704958,2704959,M16622
chr23,1282089,1282090,M16824
chr23,7110829,7110830,M18489
chr23,5848180,5848181,M18979
chr23,5910326,5910327,M18986
chr23,522204,522205,M19009
chr23,6658471,6658472,M21398
chr23,6027025,6027026,M22965
chr23,4910023,4910024,M26487
chr23,5012546,5012547,M26815
chr23,814176,814177,M28073
chr23,4997008,4997009,M30472
chr23,383313,383314,M31280
chr23,1282003,1282004,M32623
chr23,2536696,2536697,M33106
chr23,4413226,4413227,M34203
chr23,5115585,5115586,M34279
chr23,1883008,1883009,M34829
chr23,2704872,2704873,M36006
chr23,1375250,1375251,M38876
chr23,6373006,6373007,M40173
chr23,6230485,6230486,M42519
chr23,2997189,2997190,M43025
chr23,636682,636683,M43120
chr23,7117609,7117610,M43779
chr23,4414510,4414511,M44272
chr23,5169820,5169821,M44329
chr24,4984744,4984745,M102
chr24,4871101,4871102,M2348
chr24,3101909,3101910,M3501
chr24,6563382,6563383,M8953
chr24,752025,752026,M9825
chr24,3325717,3325718,M10044
chr24,7470538,7470539,M11505
chr24,4711874,4711875,M15172
chr24,848532,848533,M16133
chr24,3923837,3923838,M17046
chr24,5674496,5674497,M19499
chr24,1177600,1177601,M21485
chr24,7148356,7148357,M25877
chr24,2026926,2026927,M26980
chr24,2447743,2447744,M27160
chr24,3491128,3491129,M27175
chr24,4980317,4980318,M31238
chr24,5296271,5296272,M31950
chr24,1929994,1929995,M33013
chr24,3098319,3098320,M33136
chr24,7095591,7095592,M34659
chr24,3236033,3236034,M35142
chr24,3328566,3328567,M35848
chr24,4005766,4005767,M35962
chr24,7092956,7092957,M36660
chr24,4047294,4047295,M37079
chr24,4733956,4733957,M37751
chr24,4005680,4005681,M38572
chr24,6827375,6827376,M38799
chr24,823959,823960,M40222
chr24,3328652,3328653,M40662
chr24,1051342,1051343,M41544
chr24,5600020,5600021,M42965
chr24,4020241,4020242,M43556
chr24,5609579,5609580,M43687
chr24,3098405,3098406,M45056
chr25,5379828,5379829,M58
chr25,5880718,5880719,M630
chr25,6108463,6108464,M1635
chr25,1269299,1269300,M1789
chr25,4950245,4950246,M4741
chr25,613046,613047,M5369
chr25,1175357,1175358,M10510
chr25,1359673,1359674,M10891
chr25,1706903,1706904,M12560
chr25,6237120,6237121,M12578
chr25,5264447,5264448,M14413
chr25,4162282,4162283,M16342
chr25,3637467,3637468,M16982
chr25,3643951,3643952,M18975
chr25,1031073,1031074,M21705
chr25,763573,763574,M21984
chr25,6993457,6993458,M23673
chr25,6059758,6059759,M24141
chr25,36678,36679,M27338
chr25,5926934,5926935,M28259
chr25,1299037,1299038,M30656
chr25,5241868,5241869,M32146
chr25,5694691,5694692,M32984
chr25,3911366,3911367,M35063
chr25,4089218,4089219,M35996
chr25,5192079,5192080,M41651
chr25,5278943,5278944,M42376
chr25,3330682,3330683,M43325
chr25,275784,275785,M45176
chr26,5322097,5322098,M2145
chr26,4009900,4009901,M4068
chr26,2289338,2289339,M5299
chr26,76116,76117,M6222
chr26,2066406,2066407,M7618
chr26,6256801,6256802,M8060
chr26,3247464,3247465,M8427
chr26,3543942,3543943,M8571
chr26,4829328,4829329,M8709
chr26,2399440,2399441,M9444
chr26,7204635,7204636,M10176
chr26,3246018,3246019,M10521
chr26,2095837,2095838,M12072
chr26,2066320,2066321,M12574
chr26,4405518,4405519,M13178
chr26,5118846,5118847,M13438
chr26,2761853,2761854,M15088
chr26,6571225,6571226,M15263
chr26,3523915,3523916,M18133
chr26,274415,274416,M18572
chr26,2224111,2224112,M19185
chr26,3256834,3256835,M21905
chr26,3635662,3635663,M23551
chr26,1934900,1934901,M23878
chr26,2399526,2399527,M27245
chr26,5341875,5341876,M28614
chr26,4793675,4793676,M29490
chr26,4793761,4793762,M32254
chr26,3329154,3329155,M33067
chr26,1602446,1602447,M34014
chr26,5737533,5737534,M34367
chr26,3543856,3543857,M35653
chr26,4503840,4503841,M36411
chr26,3243458,3243459,M36993
chr26,225502,225503,M39812
chr26,133263,133264,M40097
chr26,7032173,7032174,M42204
chr26,1128681,1128682,M42253
chr26,107681,107682,M43537
chr26,5325762,5325763,M43921
chr27,234521,234522,M2593
chr27,2222018,2222019,M4300
chr27,6841131,6841132,M5946
chr27,5607397,5607398,M8971
chr27,1647639,1647640,M12915
chr27,1437569,1437570,M13109
chr27,1133558,1133559,M13574
chr27,6093485,6093486,M14214
chr27,2790619,2790620,M16179
chr27,1420476,1420477,M19468
chr27,7185844,7185845,M21020
chr27,791877,791878,M30227
chr27,4370639,4370640,M30292
chr27,3653826,3653827,M31012
chr27,3557503,3557504,M32028
chr27,3475146,3475147,M32118
chr27,3560619,3560620,M33891
chr27,7185758,7185759,M34378
chr27,3517406,3517407,M35589
chr27,1929210,1929211,M36917
chr27,866470,866471,M38288
chr27,3016247,3016248,M40939
chr27,5099612,5099613,M42682
chr27,4296942,4296943,M43660
chr27,6682264,6682265,M45528
chr28,3779373,3779374,M5415
chr28,6980070,6980071,M6466
chr28,1278009,1278010,M9604
chr28,6367025,6367026,M11199
chr28,5849885,5849886,M12350
chr28,1725249,1725250,M14068
chr28,6378069,6378070,M15842
chr28,3094047,3094048,M16249
chr28,5079034,5079035,M16256
chr28,4720638,4720639,M17083
chr28,4943702,4943703,M17516
chr28,2953311,2953312,M18189
chr28,3706010,3706011,M20555
chr28,606272,606273,M20713
chr28,1180101,1180102,M20963
chr28,4720552,4720553,M21663
chr28,3466181,3466182,M22014
chr28,1873781,1873782,M22371
chr28,5277890,5277891,M23848
chr28,6794795,6794796,M24410
chr28,6790638,6790639,M30182
chr28,4202130,4202131,M30791
chr28,4576151,4576152,M35643
chr28,6545650,6545651,M38740
chr28,4034833,4034834,M40821
chr28,606186,606187,M43114
chr29,2808428,2808429,M1091
chr29,4690088,4690089,M2477
chr29,3707960,3707961,M3103
chr29,3456467,3456468,M3997
chr29,6102878,6102879,M4260
chr29,5063011,5063012,M6699
chr29,3456381,3456382,M10167
chr29,944163,944164,M11071
chr29,916317,916318,M11856
chr29,4522776,4522777,M13299
chr29,1760982,1760983,M14884
chr29,6057197,6057198,M17222
chr29,2376207,2376208,M17439
chr29,604148,604149,M22484
chr29,2975734,2975735,M23315
chr29,5060657,5060658,M23535
chr29,2160918,2160919,M25747
chr29,5804098,5804099,M26884
chr29,1489674,1489675,M28323
chr29,4122231,4122232,M29942
chr29,2186624,2186625,M32351
chr29,776753,776754,M32661
chr29,5972530,5972531,M35654
chr29,4510390,4510391,M36727
chr29,3740443,3740444,M37276
chr29,3461795,3461796,M37857
chr29,3556949,3556950,M40663
chr29,1058264,1058265,M42365
chr29,2596553,2596554,M42992
chr3,11996594,11996595,M741
chr3,10805883,10805884,M1130
chr3,9634803,9634804,M1369
chr3,11153425,11153426,M1425
chr3,4031520,4031521,M1510
chr3,9301380,9301381,M1654
chr3,8698252,8698253,M2369
chr3,2152275,2152276,M2973
chr3,5170985,5170986,M3828
chr3,9579633,9579634,M4499
chr3,2553692,2553693,M4767
chr3,3156065,3156066,M6388
chr3,3710584,3710585,M6949
chr3,10214223,10214224,M7270
chr3,2429508,2429509,M8764
chr3,11152501,11152502,M9482
chr3,2578685,2578686,M9489
chr3,9604251,9604252,M11704
chr3,817389,817390,M11715
chr3,3212506,3212507,M11969
chr3,6647737,6647738,M12272
chr3,11050762,11050763,M12647
chr3,10654748,10654749,M12780
chr3,8559734,8559735,M13810
chr3,4831665,4831666,M17234
chr3,819203,819204,M18888
chr3,3710498,3710499,M18934
chr3,1824463,1824464,M19135
chr3,1836891,1836892,M19708
chr3,8986084,8986085,M20182
chr3,5694881,5694882,M22026
chr3,3154929,3154930,M22244
chr3,10805797,10805798,M24947
chr3,8755922,8755923,M26016
chr3,8075491,8075492,M29367
chr3,8061257,8061258,M29424
chr3,8757069,8757070,M29893
chr3,8468417,8468418,M33565
chr3,1909363,1909364,M35605
chr3,5144120,5144121,M36469
chr3,1689311,1689312,M36603
chr3,3796386,3796387,M36608
chr3,4813456,4813457,M36729
chr3,9283817,9283818,M37978
chr3,11725512,11725513,M38130
chr3,10353235,10353236,M38263
chr3,4106891,4106892,M38557
chr3,1102146,1102147,M39789
chr3,1777163,1777164,M40606
chr3,8991976,8991977,M40778
chr3,543974,543975,M45219
chr30,2296786,2296787,M3199
chr30,216958,216959,M3513
chr30,2729238,2729239,M3540
chr30,5693776,5693777,M5302
chr30,368009,368010,M5532
chr30,3070170,3070171,M5902
chr30,3393664,3393665,M6650
chr30,1907543,1907544,M6947
chr30,5925966,5925967,M7725
chr30,5268049,5268050,M7948
chr30,220307,220308,M9779
chr30,831007,831008,M10307
chr30,5832900,5832901,M10506
chr30,5564330,5564331,M11357
chr30,318850,318851,M14949
chr30,1818837,1818838,M15527
chr30,611437,611438,M15969
chr30,3018710,3018711,M19778
chr30,3449776,3449777,M20065
chr30,5835970,5835971,M20174
chr30,3988371,3988372,M20337
chr30,3318417,3318418,M21445
chr30,952839,952840,M21699
chr30,570057,570058,M21880
chr30,4770379,4770380,M23515
chr30,357264,357265,M24800
chr30,229911,229912,M26194
chr30,3988457,3988458,M27365
chr30,264061,264062,M27976
chr30,4139099,4139100,M30960
chr30,1367469,1367470,M33857
chr30,761641,761642,M35437
chr30,357178,357179,M35931
chr30,2645678,2645679,M36050
chr30,670466,670467,M40205
chr30,1657636,1657637,M42246
chr31,3469701,3469702,M56
chr31,2221784,2221785,M9740
chr31,2222196,2222197,M10822
chr31,5443205,5443206,M12995
chr31,2348896,2348897,M13280
chr31,3367281,3367282,M13973
chr31,3894402,3894403,M15151
chr31,3721451,3721452,M18510
chr31,4532665,4532666,M21364
chr31,4519326,4519327,M21661
chr31,992314,992315,M23029
chr31,992228,992229,M23227
chr31,3474685,3474686,M25438
chr31,4218553,4218554,M26139
chr31,1384744,1384745,M27216
chr31,43445,43446,M28801
chr31,2102864,2102865,M29321
chr31,40781,40782,M30262
chr31,2150068,2150069,M31546
chr31,297003,297004,M32452
chr31,2348810,2348811,M34208
chr31,2904650,2904651,M35812
chr31,4914296,4914297,M38713
chr31,4408697,4408698,M45315
chr32,568704,568705,M929
chr32,588331,588332,M1122
chr32,551433,551434,M1565
chr32,860281,860282,M2607
chr32,1630112,1630113,M2936
chr32,1630198,1630199,M3179
chr32,5399099,5399100,M3188
chr32,5384529,5384530,M3615
chr32,2136894,2136895,M7450
chr32,5300163,5300164,M11427
chr32,3263115,3263116,M15925
chr32,3464615,3464616,M16678
chr32,3191882,3191883,M17154
chr32,3241447,3241448,M17814
chr32,3279543,3279544,M19662
chr32,3204846,3204847,M20443
chr32,4861944,4861945,M23748
chr32,5128278,5128279,M30255
chr32,3279629,3279630,M30371
chr32,4342942,4342943,M32068
chr32,3230514,3230515,M33548
chr32,691395,691396,M35560
chr32,3263201,3263202,M36122
chr32,4217131,4217132,M36712
chr32,4869375,4869376,M40934
chr32,3055223,3055224,M40945
chr32,1574685,1574686,M45333
chr32,3191796,3191797,M45745
chr33,2363928,2363929,M1227
chr33,2766101,2766102,M3438
chr33,1715069,1715070,M10644
chr33,2726670,2726671,M16467
chr33,2735598,2735599,M17240
chr33,2726584,2726585,M19439
chr33,2702732,2702733,M20566
chr33,5133699,5133700,M21812
chr33,2933232,2933233,M38081
chr33,2745722,2745723,M41274
chr34,1872235,1872236,M405
chr34,3536693,3536694,M1877
chr34,1293138,1293139,M2981
chr34,932035,932036,M4080
chr34,875715,875716,M4099
chr34,2707277,2707278,M5942
chr34,1324186,1324187,M6178
chr34,2225889,2225890,M7659
chr34,1996903,1996904,M8835
chr34,2426788,2426789,M11060
chr34,3192347,3192348,M13234
chr34,1630409,1630410,M13337
chr34,233052,233053,M15097
chr34,1669573,1669574,M15878
chr34,2039147,2039148,M16938
chr34,2189483,2189484,M18642
chr34,1835368,1835369,M19583
chr34,1967364,1967365,M27410
chr34,3649625,3649626,M27435
chr34,1466130,1466131,M30077
chr34,3559312,3559313,M31505
chr35,974113,974114,M2616
chr35,3046540,3046541,M4070
chr35,2109897,2109898,M4638
chr35,1207731,1207732,M5129
chr35,1625421,1625422,M8174
chr35,1686658,1686659,M11333
chr35,2016173,2016174,M15695
chr35,2598294,2598295,M22733
chr35,671129,671130,M25143
chr35,2352936,2352937,M27506
chr35,3277920,3277921,M29569
chr35,2617818,2617819,M29776
chr35,4293360,4293361,M30660
chr35,2021193,2021194,M32158
chr35,1943982,1943983,M32904
chr35,2305563,2305564,M41370
chr35,244491,244492,M41962
chr4,6688933,6688934,M2345
chr4,9516205,9516206,M3676
chr4,11687054,11687055,M3839
chr4,3562941,3562942,M5201
chr4,10454896,10454897,M6548
chr4,6885309,6885310,M8363
chr4,9917918,9917919,M8904
chr4,10834037,10834038,M10390
chr4,908972,908973,M11803
chr4,7365049,7365050,M13697
chr4,1239527,1239528,M14443
chr4,9789468,9789469,M15814
chr4,3619344,3619345,M15843
chr4,7084735,7084736,M15932
chr4,7360157,7360158,M16657
chr4,7228328,7228329,M16807
chr4,10495094,10495095,M17149
chr4,10245178,10245179,M18154
chr4,8851518,8851519,M19116
chr4,11280195,11280196,M20397
chr4,8558942,8558943,M20455
chr4,5301663,5301664,M21008
chr4,535008,535009,M23003
chr4,1326521,1326522,M23295
chr4,3464038,3464039,M23855
chr4,3377412,3377413,M24036
chr4,4299453,4299454,M24697
chr4,3270746,3270747,M25342
chr4,2477508,2477509,M26291
chr4,5910520,5910521,M27413
chr4,1054155,1054156,M27994
chr4,7162975,7162976,M28182
chr4,6736726,6736727,M28299
chr4,2013064,2013065,M28596
chr4,5386702,5386703,M28688
chr4,907658,907659,M29027
chr4,8494435,8494436,M29195
chr4,997891,997892,M30022
chr4,4931565,4931566,M30363
chr4,1351526,1351527,M32369
chr4,5066860,5066861,M33352
chr4,11685632,11685633,M33853
chr4,1312293,1312294,M34235
chr4,997805,997806,M34884
chr4,1502334,1502335,M35041
chr4,1200550,1200551,M35076
chr4,735148,735149,M36036
chr4,10575953,10575954,M36210
chr4,5860643,5860644,M36546
chr4,1990253,1990254,M36787
chr4,7765265,7765266,M38911
chr4,9516119,9516120,M39460
chr4,241663,241664,M40259
chr4,7228242,7228243,M41586
chr4,8423192,8423193,M41592
chr4,4751439,4751440,M42091
chr4,6659642,6659643,M42137
chr4,3027817,3027818,M42383
chr4,10483563,10483564,M43035
chr4,9506037,9506038,M43519
chr4,9245876,9245877,M43796
chr4,8860121,8860122,M44528
chr4,7232282,7232283,M44816
chr4,5197232,5197233,M45175
chr5,2224864,2224865,M684
chr5,8488596,8488597,M822
chr5,1877226,1877227,M949
chr5,8172416,8172417,M2519
chr5,296361,296362,M2589
chr5,4823791,4823792,M3759
chr5,9662390,9662391,M4917
chr5,10516984,10516985,M5194
chr5,9301233,9301234,M6403
chr5,8432817,8432818,M8519
chr5,10389134,10389135,M8564
chr5,1066209,1066210,M8717
chr5,10012072,10012073,M9928
chr5,10625847,10625848,M10524
chr5,3985227,3985228,M10732
chr5,1167442,1167443,M14825
chr5,4244910,4244911,M15592
chr5,2670501,2670502,M17076
chr5,6175268,6175269,M17738
chr5,10699808,10699809,M18182
chr5,3025929,3025930,M18248
chr5,947629,947630,M20213
chr5,10515424,10515425,M23026
chr5,1992200,1992201,M23190
chr5,8516344,8516345,M23881
chr5,8879118,8879119,M24267
chr5,8503718,8503719,M25977
chr5,11642960,11642961,M26237
chr5,4647929,4647930,M28319
chr5,7034054,7034055,M28790
chr5,1034514,1034515,M29072
chr5,8177758,8177759,M29123
chr5,8907239,8907240,M29191
chr5,11622455,11622456,M30138
chr5,8497235,8497236,M30291
chr5,899154,899155,M30669
chr5,9262194,9262195,M30905
chr5,8126829,8126830,M34356
chr5,8979126,8979127,M35239
chr5,8843318,8843319,M35714
chr5,10971300,10971301,M36026
chr5,10160371,10160372,M36463
chr5,320465,320466,M36778
chr5,10447431,10447432,M38050
chr5,246767,246768,M39325
chr5,246681,246682,M39575
chr5,4611007,4611008,M40427
chr5,1189658,1189659,M41022
chr5,4778377,4778378,M41250
chr5,3388805,3388806,M41457
chr5,6510013,6510014,M41749
chr5,3251552,3251553,M42671
chr5,8870125,8870126,M44219
chr5,1879149,1879150,M45094
chr5,1590767,1590768,M45383
chr6,1834191,1834192,M552
chr6,3935823,3935824,M1665
chr6,10825991,10825992,M1684
chr6,3054328,3054329,M3442
chr6,3163937,3163938,M4687
chr6,9373165,9373166,M5354
chr6,5390391,5390392,M6764
chr6,1548503,1548504,M7790
chr6,4895614,4895615,M10119
chr6,8011862,8011863,M10207
chr6,8997679,8997680,M10332
chr6,10096747,10096748,M11771
chr6,8765153,8765154,M12549
chr6,7120909,7120910,M13504
chr6,6313170,6313171,M14240
chr6,10301835,10301836,M14356
chr6,11048224,11048225,M15644
chr6,8178272,8178273,M16373
chr6,5411155,5411156,M19647
chr6,1815494,1815495,M19866
chr6,2863314,2863315,M19969
chr6,7143960,7143961,M21672
chr6,10688562,10688563,M22567
chr6,2099826,2099827,M24851
chr6,8953595,8953596,M25308
chr6,1153049,1153050,M26466
chr6,150741,150742,M28183
chr6,9580957,9580958,M28485
chr6,9075432,9075433,M29349
chr6,9936962,9936963,M29602
chr6,6909224,6909225,M30039
chr6,8375181,8375182,M31732
chr6,742778,742779,M32615
chr6,8970700,8970701,M32970
chr6,4570290,4570291,M33328
chr6,379362,379363,M33507
chr6,5372627,5372628,M33590
chr6,252629,252630,M34557
chr6,3941127,3941128,M34607
chr6,8102899,8102900,M36232
chr6,5179912,5179913,M37584
chr6,3931701,3931702,M37747
chr6,2430240,2430241,M38333
chr6,3184808,3184809,M38872
chr6,11040609,11040610,M39401
chr6,7388293,7388294,M40114
chr6,7494717,7494718,M41555
chr6,1394833,1394834,M43310
chr6,1761311,1761312,M45086
chr6,3931615,3931616,M45348
chr6,5160005,5160006,M45702
chr7,7447142,7447143,M792
chr7,10091250,10091251,M1178
chr7,6162211,6162212,M1678
chr7,8043954,8043955,M1904
chr7,1123651,1123652,M2339
chr7,9802787,9802788,M2436
chr7,440311,440312,M2611
chr7,159491,159492,M2630
chr7,2653069,2653070,M2975
chr7,183864,183865,M4417
chr7,1272470,1272471,M4705
chr7,907040,907041,M4918
chr7,3486353,3486354,M5828
chr7,3349459,3349460,M6478
chr7,3655159,3655160,M7371
chr7,3563207,3563208,M9569
chr7,532404,532405,M9993
chr7,4837655,4837656,M12171
chr7,4233525,4233526,M12722
chr7,8005694,8005695,M13195
chr7,9943941,9943942,M13258
chr7,8028492,8028493,M13607
chr7,2473085,2473086,M14198
chr7,9611752,9611753,M14280
chr7,4915978,4915979,M14347
chr7,917954,917955,M14456
chr7,4208517,4208518,M14563
chr7,6552123,6552124,M14780
chr7,3653880,3653881,M14937
chr7,9394412,9394413,M15018
chr7,8868442,8868443,M15045
chr7,487428,487429,M15647
chr7,5542341,5542342,M16294
chr7,10083461,10083462,M16869
chr7,1892737,1892738,M17245
chr7,4413970,4413971,M17323
chr7,611930,611931,M17466
chr7,8463642,8463643,M17494
chr7,1858114,1858115,M17625
chr7,1264481,1264482,M17693
chr7,727549,727550,M17701
chr7,283978,283979,M17784
chr7,9552488,9552489,M18239
chr7,3888194,3888195,M18305
chr7,4493356,4493357,M18638
chr7,8005694,8005695,M18947
chr7,5663979,5663980,M19117
chr7,5557738,5557739,M19475
chr7,9727310,9727311,M19880
chr7,11064951,11064952,M20339
chr7,7860213,7860214,M21126
chr7,8495297,8495298,M21718
chr7,9943855,9943856,M22382
chr7,283018,283019,M24499
chr7,8044925,8044926,M25431
chr7,9360713,9360714,M27441
chr7,3201770,3201771,M27920
chr7,3928467,3928468,M28130
chr7,1303289,1303290,M28965
chr7,9727396,9727397,M29994
chr7,9908871,9908872,M31516
chr7,8005780,8005781,M32634
chr7,5663893,5663894,M34477
chr7,3930798,3930799,M35254
chr7,3928381,3928382,M35716
chr7,10793579,10793580,M37391
chr7,824194,824195,M37835
chr7,1316120,1316121,M38316
chr7,1873619,1873620,M39018
chr7,8955148,8955149,M39339
chr7,3232220,3232221,M39689
chr7,5429166,5429167,M39777
chr7,10638328,10638329,M40240
chr7,5545789,5545790,M40961
chr7,5741335,5741336,M41168
chr7,4054488,4054489,M41441
chr7,3486439,3486440,M42843
chr7,3978205,3978206,M43393
chr7,1692046,1692047,M43736
chr7,763910,763911,M44492
chr7,2652781,2652782,M45310
chr7,2211488,2211489,M45542
chr8,7895294,7895295,M494
chr8,10259428,10259429,M968
chr8,7052684,7052685,M2478
chr8,3394392,3394393,M2791
chr8,6119286,6119287,M5031
chr8,1123318,1123319,M7463
chr8,7490639,7490640,M10659
chr8,2701443,2701444,M10984
chr8,3371648,3371649,M11169
chr8,8767337,8767338,M11170
chr8,2909949,2909950,M11759
chr8,4157039,4157040,M12433
chr8,7022040,7022041,M12623
chr8,1117044,1117045,M13999
chr8,1330428,1330429,M14788
chr8,10255391,10255392,M16141
chr8,4819103,4819104,M16941
chr8,1311512,1311513,M17202
chr8,446208,446209,M17315
chr8,7088181,7088182,M18056
chr8,7492469,7492470,M19553
chr8,1317292,1317293,M20785
chr8,7021954,7021955,M20842
chr8,3394306,3394307,M22964
chr8,1938929,1938930,M23086
chr8,8280013,8280014,M25921
chr8,7490553,7490554,M27024
chr8,3774337,3774338,M27820
chr8,1123404,1123405,M28473
chr8,3405863,3405864,M29891
chr8,1372943,1372944,M30973
chr8,7767011,7767012,M32042
chr8,2693855,2693856,M32685
chr8,3770781,3770782,M32868
chr8,4738710,4738711,M34432
chr8,1362052,1362053,M35412
chr8,1042847,1042848,M35429
chr8,10447967,10447968,M37808
chr8,451346,451347,M38996
chr8,7404310,7404311,M40424
chr8,5104355,5104356,M41201
chr8,3906138,3906139,M41971
chr8,323396,323397,M43716
chr8,4768889,4768890,M44448
chr8,1297316,1297317,M45356
chr8,6816942,6816943,M45557
chr9,3270567,3270568,M661
chr9,7532770,7532771,M1800
chr9,3211340,3211341,M4220
chr9,6031037,6031038,M5817
chr9,409680,409681,M7136
chr9,5605137,5605138,M7846
chr9,5834098,5834099,M9046
chr9,7899541,7899542,M9935
chr9,4240213,4240214,M10050
chr9,84273,84274,M10697
chr9,4297457,4297458,M14139
chr9,5077739,5077740,M14997
chr9,3736108,3736109,M15173
chr9,2700760,2700761,M15617
chr9,5692563,5692564,M15718
chr9,5790472,5790473,M17054
chr9,5622678,5622679,M17927
chr9,4798044,4798045,M17937
chr9,7652910,7652911,M18940
chr9,4201534,4201535,M20998
chr9,5701317,5701318,M22010
chr9,3287601,3287602,M24940
chr9,5320451,5320452,M26344
chr9,4240127,4240128,M27834
chr9,9463412,9463413,M30087
chr9,2650455,2650456,M30995
chr9,6896729,6896730,M31271
chr9,5821307,5821308,M33606
chr9,4639095,4639096,M34114
chr9,7449650,7449651,M34701
chr9,3685665,3685666,M37012
chr9,3707776,3707777,M37256
chr9,771745,771746,M37257
chr9,9679262,9679263,M37368
chr9,4432971,4432972,M37873
chr9,3112745,3112746,M39105
chr9,2048304,2048305,M40054
chr9,4066394,4066395,M40697
chr9,1936593,1936594,M42611
chr9,7646330,7646331,M42863
chr9,706878,706879,M45532
